nombre,distrito,lat,lon,potencia_kw,estado
 Mercadona Bolullos,Fuera de distrito,37.349171673324975,-6.136711553064288,22.0,Cuarentena
ALDI Mairena del Aljarafe,Fuera de distrito,37.351529719555344,-6.054559918363566,11.0,Cuarentena
ALDI Tomares,Fuera de distrito,37.369111124349374,-6.0393244376052735,7.4,Cuarentena
Acciona - Parque Guadaíra,Fuera de distrito,37.353421,-5.85826,100.0,Cuarentena
Aldi Alcalá de Guadaira (Atlante),Fuera de distrito,37.32484473665831,-5.853786175926643,100.0,Cuarentena
Aldi Bolullos (Atlante),Fuera de distrito,37.3506152393641,-6.138651235076168,100.0,Cuarentena
Aldi Bormujos,Fuera de distrito,37.364402164900284,-6.074864521988047,11.0,Cuarentena
Aldi Castilleja de la Cuesta,Fuera de distrito,37.38399818204415,-6.061324830675744,7.0,Cuarentena
Aldi Dos Hermanas (Atlante),Fuera de distrito,37.29025805359629,-5.943872860584861,100.0,Cuarentena
Aldi Gelves (Atlante),Fuera de distrito,37.34800632525146,-6.026862817209576,150.0,Cuarentena
Aldi La Rinconada,Fuera de distrito,37.47906076110033,-5.952214360520202,100.0,Cuarentena
Aldi Sanlucar la Mayor,Fuera de distrito,37.38492446047624,-6.192692117278057,100.0,Cuarentena
Apartamentos Simón Verde,Fuera de distrito,37.33693040867914,-6.0381836755427685,7.4,Cuarentena
Avenida San José de Calasanz,Fuera de distrito,37.34301222871525,-5.932353756219982,50.0,Cuarentena
Avenida de las Américas (Mairena del Aljarafe),Fuera de distrito,37.34924668603537,-6.050908832868572,50.0,Cuarentena
Avenida del Aljarafe (Aldi),Fuera de distrito,37.36884847555851,-6.039626154065672,22.0,Cuarentena
Ayunt. Castilleja. Calle Párroco Baldomero Delgado Pérez (Endesa),Fuera de distrito,37.38914281472766,-6.061665943892677,22.0,Cuarentena
Ayunt. Coria del Río,Fuera de distrito,37.28568014082981,-6.051699841887967,22.0,Cuarentena
Ayunt. Espartinas,Fuera de distrito,37.380184674790655,-6.12317859818404,22.0,Cuarentena
Ayunt. Espartinas. Policia Local,Fuera de distrito,37.382122928273944,-6.123263686565906,22.0,Cuarentena
Ayunt. Mairena. Calle Pablo Neruda,Fuera de distrito,37.352468696760965,-6.038971777358938,22.0,Cuarentena
Ayunt. Mairena. Calle Pozo Nuevo,Fuera de distrito,37.34426798549774,-6.065858154463058,22.0,Cuarentena
Ayunt. Mairena: Avenida Magdalena Sofía Barat ,Fuera de distrito,37.34725761899341,-6.041100735477812,22.0,Cuarentena
Ayunt. Mairena: Pol. Ind. PISA ,Fuera de distrito,37.35447651202857,-6.063180422285313,50.0,Cuarentena
Ayuntamiento La Rinconada Piscina,Fuera de distrito,37.492261456335044,-5.940168735722693,22.0,Cuarentena
BMW - San Pablo Motor,Fuera de distrito,37.368530713771946,-6.038145189804709,22.0,Cuarentena
BP Bemcir,Fuera de distrito,37.38580460389569,-6.046617983329952,150.0,Cuarentena
BP Espartinas,Fuera de distrito,37.382033727549384,-6.11531528218859,60.0,Cuarentena
BP Nuestra Sra. de Valme,Fuera de distrito,37.27423129549321,-5.931463813040864,150.0,Cuarentena
BP Pulse Bormujos,Fuera de distrito,37.38121456960867,-6.0644200936042125,100.0,Cuarentena
Ballenoil Palomares del Río,Fuera de distrito,37.319962290146734,-6.071996485268983,60.0,Cuarentena
Ballenoil San José de la Rinconada,Fuera de distrito,37.48765614939295,-5.933672914240333,22.0,Cuarentena
Ballenoil Tomares,Fuera de distrito,37.37818786125706,-6.029158304868815,22.0,Cuarentena
Burger King ,Fuera de distrito,37.479170693876455,-5.958440273920274,50.0,Cuarentena
Burger King Bormujos,Fuera de distrito,37.37327395315168,-6.08016129519865,50.0,Cuarentena
Burger King El Palmetillo,Fuera de distrito,37.37430601819038,-5.909301733904499,100.0,Cuarentena
Burger king Gines,Fuera de distrito,37.38265183509111,-6.083244086407376,100.0,Cuarentena
C.C Entrenasas,Fuera de distrito,37.311298557051316,-5.939052006433258,90.0,Cuarentena
C.C. Aire Sur,Fuera de distrito,37.38434977236906,-6.04804859144042,150.0,Cuarentena
C.C. Los Alcores Sevilla,Fuera de distrito,37.35170529107255,-5.858033823158053,180.0,Cuarentena
C.C. Metromar,Fuera de distrito,37.350154415810565,-6.050384736695719,60.0,Cuarentena
C.C. Sevilla Factory,Fuera de distrito,37.288794,-5.94185,50.0,Cuarentena
C.C. Sevilla Factory Dos Hermanas,Fuera de distrito,37.28776274865076,-5.940698586653866,7.4,Cuarentena
C.C. Way 2 Hermanas (Exterior),Fuera de distrito,37.28657520532332,-5.938444846865224,50.0,Cuarentena
C.C. Way 2 Hermanas (Interior),Fuera de distrito,37.28583281990504,-5.939405575175954,7.4,Cuarentena
CC San Juan de Aznalfarache,Fuera de distrito,37.3871196,-6.0298179999999775,3.6,Cuarentena
CEPSA Dos Hermanas,Fuera de distrito,37.2701495842492,-5.920886212578353,200.0,Cuarentena
Carrefour Camas,Fuera de distrito,37.390999260146984,-6.029739685186314,120.0,Cuarentena
Carrefour Camas,Fuera de distrito,37.392016,-6.030936,7.4,Cuarentena
Carrefour San Juan,Fuera de distrito,37.367991704347915,-6.034768539605807,11.0,Cuarentena
Carrefour San Juan Aznalfarache,Fuera de distrito,37.368750463322485,-6.035366541225812,50.0,Cuarentena
Casa de la Cultura Castilleja,Fuera de distrito,37.38714491922343,-6.055258163826011,11.0,Cuarentena
Cash Fresh Espartinas,Fuera de distrito,37.382677931244956,-6.117873712218852,50.0,Cuarentena
Cash Fresh Olivares,Fuera de distrito,37.421250196478226,-6.149750834922628,50.0,Cuarentena
Cash Fresh Santiponce,Fuera de distrito,37.43276869261574,-6.050459209021142,22.0,Cuarentena
Cash Fresh Sevilla,Fuera de distrito,37.340400254637515,-5.934903767013566,50.0,Cuarentena
Cash Fresh Villanueva del Ariscal,Fuera de distrito,37.39268153107611,-6.137666281887192,22.0,Cuarentena
Casino Admiral Sevilla,Fuera de distrito,37.372215,-6.037036,22.0,Cuarentena
Centro Porsche SEVILLA,Fuera de distrito,37.420691214721,-6.03056664243536,320.0,Cuarentena
Ciudad Deportiva Real Betis,Fuera de distrito,37.306412104476806,-5.947687063470994,7.4,Cuarentena
Club Golf Sevilla,Fuera de distrito,37.351110626445674,-5.919725727303899,22.0,Cuarentena
Concesionario Citroen y Hyundai,Fuera de distrito,37.27807969008664,-5.934032521424797,22.0,Cuarentena
DIA Alcalá de Guadaira,Fuera de distrito,37.33762516044587,-5.827736273500932,150.0,Cuarentena
Decathlon Alcalá de Guadaira,Fuera de distrito,37.37444508395518,-5.911332431449409,150.0,Cuarentena
E.S. BALLENOIL Coria del Rio,Fuera de distrito,37.29592322687543,-6.053638964165884,22.0,Cuarentena
E.S. Dos Hermanas,Fuera de distrito,37.28186506730735,-5.99109091979733,60.0,Cuarentena
E.S. Europa Uno,Fuera de distrito,37.38375063956477,-6.050678365882618,100.0,Cuarentena
E.S. GASOLIVA,Fuera de distrito,37.35363068649812,-5.806494605869716,150.0,Cuarentena
E.S. Galp Montequinto,Fuera de distrito,37.34502684129828,-5.934480125147701,120.0,Cuarentena
E.S. Petrosand,Fuera de distrito,37.54582280908815,-6.0549177739669915,50.0,Cuarentena
E.S. Repsol Camas,Fuera de distrito,37.38156495056705,-6.026507469915714,50.0,Cuarentena
E.S. Repsol Ciudad Universitaria,Fuera de distrito,37.37463320620331,-6.0805002223835345,50.0,Cuarentena
E.S. Shell Vistagiralda,Fuera de distrito,37.36336803308312,-6.0392675263716455,90.0,Cuarentena
E.S. Zacatín,Fuera de distrito,37.35225702253645,-5.846770584155763,22.0,Cuarentena
ES Bellenoil,Fuera de distrito,37.4630415695393,-6.002632308410284,50.0,Cuarentena
ES Bollullos,Fuera de distrito,37.36249401031613,-6.144643521720411,100.0,Cuarentena
El Corte Inglés,Fuera de distrito,37.37227420669993,-6.031355709043396,3.0,Cuarentena
Farmacia Martín Suárez,Fuera de distrito,37.386907370674535,-6.080704310521384,22.0,Cuarentena
Fashion Outlet (Endesa),Fuera de distrito,37.439615043494285,-5.885231485215286,150.0,Cuarentena
Ford Tysa Sevilla,Fuera de distrito,37.4183141844987,-6.035047558524639,22.0,Cuarentena
GRUPO ASISDE,Fuera de distrito,37.35441848150013,-6.141986218494367,11.0,Cuarentena
Gacosur La Rinconada,Fuera de distrito,37.48982075457933,-5.946832513414137,22.0,Cuarentena
Gasolinera TJ OIL Salteras,Fuera de distrito,37.45553,-6.0554,120.0,Cuarentena
Gerena Parking,Fuera de distrito,37.51596713175864,-6.143148370058327,50.0,Cuarentena
Gines Plaza,Fuera de distrito,37.380504447583576,-6.082967698618859,22.0,Cuarentena
HOTEL ALKALAT,Fuera de distrito,37.28582373681867,-5.8737197831369485,22.0,Cuarentena
Hortiminuto,Fuera de distrito,37.353736864761345,-6.14259383033243,11.0,Cuarentena
Hospital San Juan de Dios Bormujos,Fuera de distrito,37.37332358016154,-6.082555653294321,22.0,Cuarentena
Hospital Vithas NISA Aljarafe,Fuera de distrito,37.39304634893885,-6.061831280919932,22.0,Cuarentena
Hotel Abades Becanazón,Fuera de distrito,37.360163,-6.1997323,400.0,Cuarentena
Hotel EXE Gran Hotel Sonlucar,Fuera de distrito,37.3843661946855,-6.189806788940814,22.0,Cuarentena
Hotel Ilunion Alcora Sevilla,Fuera de distrito,37.36999096764353,-6.033283782058703,22.0,Cuarentena
Hotel Mare,Fuera de distrito,37.28997727513564,-5.9343755939665925,11.0,Cuarentena
Hotel Mare Isla Menor,Fuera de distrito,37.31016012388595,-5.977657196801147,11.0,Cuarentena
Hotel Torre de los Guzmanes,Fuera de distrito,37.47825563530756,-6.00856414607199,50.0,Cuarentena
IKEA Sevilla,Fuera de distrito,37.38373210716563,-6.046609172548983,120.0,Cuarentena
ITV Alcalá de Guadaíra,Fuera de distrito,37.30754517701915,-5.889596449871192,22.0,Cuarentena
ITV Gelves,Fuera de distrito,37.34513165620892,-6.026550355740596,22.0,Cuarentena
ITV La Rinconada,Fuera de distrito,37.48159518966766,-5.977731957576339,11.0,Cuarentena
ITV Sanlúcar La Mayor,Fuera de distrito,37.36386268857008,-6.2017481872412645,22.0,Cuarentena
Iberdrola Principe de Asturias,Fuera de distrito,37.35175,-5.859833333333333,90.0,Cuarentena
Indra Bolullos,Fuera de distrito,37.34662030394669,-6.132182544842976,22.0,Cuarentena
Lidl Entrenucleos,Fuera de distrito,37.31154856916483,-5.940564931438189,3.7,Cuarentena
Lidl Isaac Peral,Fuera de distrito,37.28345680696921,-5.928526408058815,11.0,Cuarentena
Lidl La Rinconada,Fuera de distrito,37.4798190123974,-5.959580997190983,22.0,Cuarentena
Lidl Mairena del Aljarafe,Fuera de distrito,37.34965013718471,-6.0572446418998425,11.0,Cuarentena
METRO San Juan Bajo - Cable Energía,Fuera de distrito,37.366646117156805,-6.025198822691777,22.0,Cuarentena
Makro Alcalá de Guadaira,Fuera de distrito,37.357992209160855,-5.875737079180908,7.4,Cuarentena
Makro Sevilla Bormujos,Fuera de distrito,37.38196816410857,-6.064751064338225,7.4,Cuarentena
Mc Donald's Coria del Río,Fuera de distrito,37.28226127083495,-6.061041686840213,100.0,Cuarentena
McDonald's Avenida Europa,Fuera de distrito,37.35415598434105,-6.026843071226381,50.0,Cuarentena
McDonald's Dos Hermanas,Fuera de distrito,37.28244123131762,-5.936318248943053,60.0,Cuarentena
McDonald's Palmetillo,Fuera de distrito,37.37541645721744,-5.90893470088713,150.0,Cuarentena
McDonalds Aljarafe,Fuera de distrito,37.37415195064379,-6.031056697641361,25.0,Cuarentena
McDonalds Ginés,Fuera de distrito,37.378576129030805,-6.082634118883789,150.0,Cuarentena
Mercadona Adolfo Suarez,Fuera de distrito,37.295207656559,-5.9099688884253965,22.0,Cuarentena
Mercadona Alcalá de Guadaíra,Fuera de distrito,37.33874245447035,-5.851109997316257,22.0,Cuarentena
Mercadona Alcalá del Río,Fuera de distrito,37.51773724989266,-5.985519551644643,22.0,Cuarentena
Mercadona Avenida de Canal Sur,Fuera de distrito,37.371579748536575,-6.035962634774705,22.0,Cuarentena
Mercadona Avenida de las Universidades,Fuera de distrito,37.312033231146444,-5.941184559150429,22.0,Cuarentena
Mercadona Bormujos,Fuera de distrito,37.36700612663866,-6.072209669670997,22.0,Cuarentena
Mercadona Brenes,Fuera de distrito,37.541958545429395,-5.881092523951963,22.0,Cuarentena
Mercadona Calle La Montaña,Fuera de distrito,37.39700288802315,-6.033729892333696,22.0,Cuarentena
Mercadona Camas,Fuera de distrito,37.40372606711125,-6.038420307491037,22.0,Cuarentena
Mercadona Coria del Río,Fuera de distrito,37.287526806769506,-6.062353220851719,22.0,Cuarentena
Mercadona Coria le Río,Fuera de distrito,37.28951477922911,-6.0526010086480255,22.0,Cuarentena
Mercadona Dos Hermanas,Fuera de distrito,37.28031669972468,-5.9258075402538,22.0,Cuarentena
Mercadona Espartinas,Fuera de distrito,37.38202856706903,-6.116425923714587,22.0,Cuarentena
Mercadona Ginés,Fuera de distrito,37.3790672955427,-6.08129968470314,22.0,Cuarentena
Mercadona Hernán Cortés,Fuera de distrito,37.376160525984204,-6.0628836324065105,22.0,Cuarentena
Mercadona La Algaba,Fuera de distrito,37.462339987809855,-6.018997241619445,22.0,Cuarentena
Mercadona La Puebla del Marqués,Fuera de distrito,37.33439840778068,-6.065717859592951,22.0,Cuarentena
Mercadona La Rinconada,Fuera de distrito,37.48141281219206,-5.959368922697422,22.0,Cuarentena
Mercadona Mairena,Fuera de distrito,37.34646627400572,-6.061825234828802,22.0,Cuarentena
Mercadona Montequinto,Fuera de distrito,37.338659770508,-5.926981275189377,22.0,Cuarentena
Mercadona Nuestra Señora del Carmen,Fuera de distrito,37.28320589147421,-5.91929768007185,22.0,Cuarentena
Mercadona Oromana,Fuera de distrito,37.312283753549934,-5.859956022503866,22.0,Cuarentena
Mercadona San José de la Rinconada,Fuera de distrito,37.48808914818039,-5.9352371090478755,22.0,Cuarentena
Navarro Motor,Fuera de distrito,37.357593892304294,-6.0522424391068625,11.0,Cuarentena
Obramat Alcalá de Guadaíra (Zunder),Fuera de distrito,37.35046795868692,-5.859479118692292,360.0,Cuarentena
Obramat Bormujos Sevilla (Zunder),Fuera de distrito,37.37509162404368,-6.085922496955533,360.0,Cuarentena
Parking IKEA Airesur,Fuera de distrito,37.383534690828284,-6.046409446664484,7.4,Cuarentena
Parking La Tagliatella,Fuera de distrito,37.381342416674926,-6.081996896753594,22.0,Cuarentena
Parking Metro Condequinto,Fuera de distrito,37.34729906642123,-5.93445135196734,50.0,Cuarentena
Parking Plaza de Abastos,Fuera de distrito,37.281718451008686,-5.9212395763987615,22.0,Cuarentena
Parking del Arenal,Fuera de distrito,37.28712328474106,-5.924061724459307,11.0,Cuarentena
Parking externo Hotel Vertice,Fuera de distrito,37.3813822,-6.068788100000001,50.0,Cuarentena
Parque el Majuelo,Fuera de distrito,37.490062942030065,-6.002452528299216,11.0,Cuarentena
Petropix Dos Hermanas,Fuera de distrito,37.28242429290765,-5.939133221852103,150.0,Cuarentena
Petropix Valencina de la Concepción,Fuera de distrito,37.413511389363336,-6.072268306040144,180.0,Cuarentena
Plasticosur,Fuera de distrito,37.42396759998961,-6.038266767999517,22.0,Cuarentena
Plenoil Alcalá de Guadaira I ,Fuera de distrito,37.37396413061403,-5.909168985355905,60.0,Cuarentena
Plenoil Ginés I,Fuera de distrito,37.37791735995462,-6.082867519465111,60.0,Cuarentena
Popeyes Mairena,Fuera de distrito,37.35026701001229,-6.056608313378774,22.0,Cuarentena
Porsche Sevilla,Fuera de distrito,37.42039946987801,-6.0302190699861455,50.0,Cuarentena
RTVE Sevilla,Fuera de distrito,37.42514933073127,-5.996033127225502,22.0,Cuarentena
Repsol  San Juan de Aznalfarache ,Fuera de distrito,37.36242610238892,-6.036583737937804,50.0,Cuarentena
Repsol Ciudad Expo,Fuera de distrito,37.352245098669144,-6.047252109010401,50.0,Cuarentena
Repsol Gines,Fuera de distrito,37.37797338375343,-6.082226444758362,50.0,Cuarentena
Repsol La Negrilla,Fuera de distrito,37.36823340415627,-5.935564080885797,50.0,Cuarentena
Repsol Mairena,Fuera de distrito,37.33902025477494,-6.064914603593536,50.0,Cuarentena
Repsol Majaralgaba,Fuera de distrito,37.46034027559911,-6.027049194806011,50.0,Cuarentena
Repsol San José de la Rinconada,Fuera de distrito,37.47856674489063,-5.953248188413994,50.0,Cuarentena
Repsol Valencina,Fuera de distrito,37.41219337763505,-6.067888897651073,50.0,Cuarentena
Seur Carmona,Fuera de distrito,37.44399101797305,-5.781893455191039,22.0,Cuarentena
Seur Sevilla,Fuera de distrito,37.2908514024554,-5.995773002737906,22.0,Cuarentena
Sevilla Datacenter,Fuera de distrito,37.484866,-5.930071,22.0,Cuarentena
Skoda Dos Hermanas,Fuera de distrito,37.27896103644211,-5.934766512270585,50.0,Cuarentena
Supermercado Grupo Mas,Fuera de distrito,37.33583331048361,-6.136544826038289,50.0,Cuarentena
Supermercado MAS,Fuera de distrito,37.383659762366705,-6.076999497654924,50.0,Cuarentena
Supermercado MAS,Fuera de distrito,37.34167713210081,-6.059513714477873,50.0,Cuarentena
Supermercado MAS Cavaleri,Fuera de distrito,37.352660636304776,-6.047900167123885,100.0,Cuarentena
Supermercado Mas Olivares,Fuera de distrito,37.32541821228031,-5.934184170814177,22.0,Cuarentena
Tesla Supercharger Dos Hermanas (C.C. Way),Fuera de distrito,37.28614704107015,-5.938528750070731,250.0,Cuarentena
Tesla Supercharger Sevilla East,Fuera de distrito,37.44004027241223,-5.885644160216771,250.0,Cuarentena
Tesla Supercharger Sevilla Oeste,Fuera de distrito,37.36221346189326,-6.200819922058798,250.0,Cuarentena
Universidad Pablo de Olavide,Fuera de distrito,37.355408983015565,-5.936971174335099,22.0,Cuarentena
Universidad Pablo de Olavide. Edificio 23,Fuera de distrito,37.359033174273335,-5.936555072082683,22.0,Cuarentena
Universidad Pablo de Olavide. P2,Fuera de distrito,37.35556955960023,-5.939127676830708,7.4,Cuarentena
Universidad Pablo de Olavide. P5,Fuera de distrito,37.357005909212674,-5.93825738782175,7.4,Cuarentena
Área Easyshop,Fuera de distrito,37.31520046496941,-5.941926881553854,50.0,Cuarentena
Aldi Bellavista,BELLAVISTA-LA PALMERA,37.3349443669252,-5.9685680823258735,7.4,Valido
Aparcamiento Hospital Viamed ,BELLAVISTA-LA PALMERA,37.32753646569317,-5.966513375110139,22.0,Valido
Ayunt. Sevilla. Calle Miguel Ángel 111 (Eranovum),BELLAVISTA-LA PALMERA,37.321128637750675,-5.967781047340736,22.0,Valido
Ayunt. Sevilla. Calle Torcuato Luca de Tena (Acciona),BELLAVISTA-LA PALMERA,37.359927563524224,-5.982742035610727,100.0,Valido
Ayunt. Sevilla: Avenida de Alemania  (Acciona),BELLAVISTA-LA PALMERA,37.34532883306683,-5.982316172718754,50.0,Valido
Ayunt. Sevilla: Avenida de Bellavista (Wenea),BELLAVISTA-LA PALMERA,37.318698090145816,-5.968528057786273,22.0,Valido
Ayunt. Sevilla: Avenida de Dinamarca  (Acciona),BELLAVISTA-LA PALMERA,37.34918519077898,-5.986766616876054,100.0,Valido
Ayunt. Sevilla: Avenida de Grecia ,BELLAVISTA-LA PALMERA,37.345645984177665,-5.983019374528141,22.0,Valido
Ayunt. Sevilla: Avenida de Grecia (Eranovum),BELLAVISTA-LA PALMERA,37.35091962167736,-5.9843835515130195,22.0,Valido
Ayunt. Sevilla: Avenida de la Reina Mercedes (Acciona),BELLAVISTA-LA PALMERA,37.3617606553681,-5.986093091690776,22.0,Valido
Ayunt. Sevilla: Avenida de la Reina Mercedes (E.I. Edificación) (Wenea),BELLAVISTA-LA PALMERA,37.36127646846464,-5.986031794627934,22.0,Valido
Ayunt. Sevilla: Avenida de la Reina Mercedes (Wenea),BELLAVISTA-LA PALMERA,37.35724825887486,-5.986228773887234,22.0,Valido
Ayunt. Sevilla: Calle Estonia  (Acciona),BELLAVISTA-LA PALMERA,37.34337972793787,-5.978627739377316,100.0,Valido
Ayunt. Sevilla: Calle Ifni ,BELLAVISTA-LA PALMERA,37.35302764859938,-5.98371913180199,22.0,Valido
Ayunt. Sevilla: Calle Levante (Acciona),BELLAVISTA-LA PALMERA,37.356697242076535,-5.985945979296787,50.0,Valido
Ayunt. Sevilla: Calle Padre Mediavilla (Eranovum),BELLAVISTA-LA PALMERA,37.35767138661893,-5.983281544137185,22.0,Valido
Ayunt. Sevilla: Calle Periodista Ramón Resa (Endesa),BELLAVISTA-LA PALMERA,37.35806605794508,-5.982913110897556,150.0,Valido
Ayunt. Sevilla: Calle Páez de Rivera (Eranovum),BELLAVISTA-LA PALMERA,37.363590071249064,-5.9857293147522626,22.0,Valido
Ayunt. Sevilla: Calle Torres Farfán (Wenea),BELLAVISTA-LA PALMERA,37.32303856178842,-5.968947141432068,22.0,Valido
Ayunt. Sevilla: Estadio Benito Villamarín (Wenea),BELLAVISTA-LA PALMERA,37.356725900623644,-5.983949495310412,22.0,Valido
Ayunt. Sevilla: Mercado Heliópolis (Wenea),BELLAVISTA-LA PALMERA,37.35390892242553,-5.987334981630852,22.0,Valido
Ayunt. Sevilla: Paseo de la Palmera (Endesa),BELLAVISTA-LA PALMERA,37.36404004999967,-5.98452547643393,50.0,Valido
Burger King ,BELLAVISTA-LA PALMERA,37.35556073907752,-5.952005565491959,50.0,Valido
Centro Comercial Lago,BELLAVISTA-LA PALMERA,37.34193899127716,-5.987329054383622,3.7,Valido
Clinica FREMAP,BELLAVISTA-LA PALMERA,37.34313659762536,-5.9740035966963205,22.0,Valido
E.S. Carrefour Montequinto,BELLAVISTA-LA PALMERA,37.355206640379436,-5.9510859585409435,50.0,Valido
Galp Hospital Fátima,BELLAVISTA-LA PALMERA,37.36924070321824,-5.988593250518761,50.0,Valido
Hotel Doña Carmela,BELLAVISTA-LA PALMERA,37.32689520779819,-5.9667455906835585,7.4,Valido
Hotel Silken Al Andalus (Endesa),BELLAVISTA-LA PALMERA,37.35398753082545,-5.980326270931329,60.0,Valido
Hotel Silken Al-Andalus Palace,BELLAVISTA-LA PALMERA,37.35349194423236,-5.9799179333354004,11.0,Valido
Hub Bellavista - Sevilla (Wenea),BELLAVISTA-LA PALMERA,37.33541912502078,-5.968693004636748,360.0,Valido
Mediamarkt Sevilla,BELLAVISTA-LA PALMERA,37.34535757390738,-5.989771844092957,7.4,Valido
Mercadona Avenida de Jerez,BELLAVISTA-LA PALMERA,37.32638590699618,-5.965272549830786,22.0,Valido
Mercadona Sevilla,BELLAVISTA-LA PALMERA,37.34944158005361,-5.976894901751393,22.0,Valido
Parking Sagrado Corazón,BELLAVISTA-LA PALMERA,37.35918795284971,-5.9805088134432935,7.4,Valido
Real Club Pineda Sevilla,BELLAVISTA-LA PALMERA,37.35246892283311,-5.968024743243376,60.0,Valido
Repsol  Los Bermejales,BELLAVISTA-LA PALMERA,37.35056127915202,-5.977323146024673,50.0,Valido
Repsol la Raza,BELLAVISTA-LA PALMERA,37.36071687890693,-5.9892972151306765,50.0,Valido
E.S. Repsol Torneo,CASCO ANTIGUO,37.39478313081695,-6.002521417097682,50.0,Valido
Hotel Alfonso XIII,CASCO ANTIGUO,37.38114453788852,-5.992679146588301,7.4,Valido
Hotel Catalonia Giralda,CASCO ANTIGUO,37.39012419967278,-5.984864292915944,3.7,Valido
Hotel Eurostars Regina,CASCO ANTIGUO,37.39912071061748,-5.998536500385967,7.4,Valido
Hotel Hospes Las Casas del Rey de Baeza,CASCO ANTIGUO,37.39125734736234,-5.986711605508248,22.0,Valido
Hotel Palacio de Villapanés Sevilla,CASCO ANTIGUO,37.39159299060343,-5.986244743647205,4.0,Valido
Hotel Placido y Grata,CASCO ANTIGUO,37.39228621576903,-5.997216569731563,3.7,Valido
Parking APK2 Arjona,CASCO ANTIGUO,37.39140550772285,-6.004105087527535,22.0,Valido
Parking APK2 Magdalena,CASCO ANTIGUO,37.3907947,-5.997415199999978,7.4,Valido
Parking AUSSA Mercado del Arenal (Eranovum),CASCO ANTIGUO,37.387065498687605,-6.000085055564057,7.4,Valido
Parking AUSSA Mercado del Arenal (Iberdrola),CASCO ANTIGUO,37.38730958183666,-6.000401772398476,7.4,Valido
Parking Albareda,CASCO ANTIGUO,37.38958069996167,-5.995750113896634,7.0,Valido
Parking Calle Castelar,CASCO ANTIGUO,37.38745310096111,-5.9972655558012775,22.0,Valido
Parking Cristina,CASCO ANTIGUO,37.3815335852874,-5.99473206346109,7.4,Valido
Parking Diputación de Sevilla Interparking,CASCO ANTIGUO,37.38534540713057,-5.986607368286627,8.0,Valido
Parking Escuelas Pías,CASCO ANTIGUO,37.393424143328915,-5.987249147422631,22.0,Valido
Parking Image,CASCO ANTIGUO,37.392998538104266,-5.990278120322728,7.4,Valido
Parking Parkia Paseo de Colón de Sevilla Centro (Endesa),CASCO ANTIGUO,37.38687169921043,-6.000267004439024,7.4,Valido
Parking Paseo de Colón - Parkia (Wenea),CASCO ANTIGUO,37.38682029464994,-6.000575949868448,50.0,Valido
Parking Plaza Nueva,CASCO ANTIGUO,37.38906332169779,-5.995629900618383,22.0,Valido
Parking Plaza de la Concordia,CASCO ANTIGUO,37.39409745716118,-5.996768110495168,7.4,Valido
UNUK SEVILLA CENTRO,CASCO ANTIGUO,37.39131935586232,-5.99049249063475,11.0,Valido
Ayunt. Sevilla. ITV El Pino (Wenea),CERRO-AMATE,37.38197689967204,-5.9248013061117035,22.0,Valido
Ayunt. Sevilla. Parque Estoril (Wenea),CERRO-AMATE,37.372320540794675,-5.955874873821585,22.0,Valido
Ayunt. Sevilla.Calle Gaviota 17 (Eranovum),CERRO-AMATE,37.384293778624965,-5.9555265329931615,22.0,Valido
Ayunt. Sevilla: Avenida de los Gavilanes (Eranovum),CERRO-AMATE,37.373337436163,-5.952899437457887,22.0,Valido
Ayunt. Sevilla: Calle Canal ,CERRO-AMATE,37.37553622629224,-5.961923481975845,100.0,Valido
Ayunt. Sevilla: Calle Chucena ,CERRO-AMATE,37.378586268417266,-5.941395655921468,22.0,Valido
Ayunt. Sevilla: Calle Contador ,CERRO-AMATE,37.38402995690254,-5.951338261507658,22.0,Valido
Ayunt. Sevilla: Calle Francisco Carrera Iglesias ,CERRO-AMATE,37.372478176533164,-5.957921147644868,22.0,Valido
Ayunt. Sevilla: Calle Pruna (Eranovum),CERRO-AMATE,37.36937260535727,-5.950637810371859,22.0,Valido
Ayunt. Sevilla: Calle Pruna (Wenea),CERRO-AMATE,37.369533279170085,-5.951088787037918,100.0,Valido
Ayunt. Sevilla: Calle Puerto de Cienfuegos (Eranovum),CERRO-AMATE,37.377055940756364,-5.954056150875118,22.0,Valido
Ayunt. Sevilla: Calle Puerto de los Alazores (Wenea),CERRO-AMATE,37.378113369400566,-5.954652614494876,22.0,Valido
Ayunt. Sevilla: Calle Santaella,CERRO-AMATE,37.375537651946075,-5.94157008070556,100.0,Valido
Ayunt. Sevilla: Centro Deportivo Rochelambert (Wenea),CERRO-AMATE,37.37335393121043,-5.9510532872730835,22.0,Valido
Ayunt. Sevilla: Mercado del Cerro del Águila (Wenea),CERRO-AMATE,37.371481018030664,-5.959106883532883,22.0,Valido
E.S. Gacosur Parsi,CERRO-AMATE,37.37629998994082,-5.918965595673626,22.0,Valido
ITV P.I. el Pino,CERRO-AMATE,37.382242453525464,-5.924216212678033,22.0,Valido
Mariscos Caballero,CERRO-AMATE,37.37537523127645,-5.915936619541668,7.4,Valido
Mercadona Avenida de Hytasa,CERRO-AMATE,37.3718906176409,-5.961944401616279,22.0,Valido
Mercadona Avenida de la Revoltosa,CERRO-AMATE,37.37806817404159,-5.945545348796713,22.0,Valido
Mercadona Parsi,CERRO-AMATE,37.37459327799344,-5.918898846326329,22.0,Valido
Aeropuerto Sevilla P1 Level 1,ESTE-ALCOSA-TORREBLANCA,37.42284783181738,-5.902146745958646,11.0,Valido
Aeropuerto Sevilla P2,ESTE-ALCOSA-TORREBLANCA,37.42283183284482,-5.9037731795419575,11.0,Valido
Ayunt. Sevilla. Av. Las Ciencias (Endesa),ESTE-ALCOSA-TORREBLANCA,37.398661533232854,-5.924369345634858,150.0,Valido
Ayunt. Sevilla. Avenida de Emilio Lemos ,ESTE-ALCOSA-TORREBLANCA,37.403222758708836,-5.918862352297083,100.0,Valido
Ayunt. Sevilla. Avenida de la Innovación (Acciona),ESTE-ALCOSA-TORREBLANCA,37.40593131052249,-5.928771591427221,22.0,Valido
Ayunt. Sevilla. Avenida de las Ciencias (Eranovum),ESTE-ALCOSA-TORREBLANCA,37.3999232492436,-5.927079272212495,22.0,Valido
Ayunt. Sevilla. Calle Demófilo (Wenea),ESTE-ALCOSA-TORREBLANCA,37.39795005946981,-5.926595273730868,22.0,Valido
Ayunt. Sevilla. Calle Prof. Manuel Clavero Arévalo ,ESTE-ALCOSA-TORREBLANCA,37.40315698910533,-5.915605765465671,22.0,Valido
Ayunt. Sevilla: Avenida Ciudad de Chiva ,ESTE-ALCOSA-TORREBLANCA,37.41009980877011,-5.925487591465981,22.0,Valido
Ayunt. Sevilla: Avenida de Emilio Lemos (Endesa),ESTE-ALCOSA-TORREBLANCA,37.40392875409458,-5.917336634784533,60.0,Valido
Ayunt. Sevilla: Avenida de las Ciencias (Endesa),ESTE-ALCOSA-TORREBLANCA,37.40269373252872,-5.9277275143630845,60.0,Valido
Ayunt. Sevilla: Avenida de las Ciencias (Endesa),ESTE-ALCOSA-TORREBLANCA,37.39281607830905,-5.9206878478144915,60.0,Valido
Ayunt. Sevilla: Avenida del Deporte ,ESTE-ALCOSA-TORREBLANCA,37.40121329033299,-5.920373453208583,22.0,Valido
Ayunt. Sevilla: Calle Administrador Gutiérrez Anaya ,ESTE-ALCOSA-TORREBLANCA,37.40706087702209,-5.933770382960006,22.0,Valido
Ayunt. Sevilla: Calle Argos ,ESTE-ALCOSA-TORREBLANCA,37.39587320417401,-5.924092234610271,22.0,Valido
Ayunt. Sevilla: Calle Ciudad de Carlet (Eranovum),ESTE-ALCOSA-TORREBLANCA,37.41160013910083,-5.92717705489531,22.0,Valido
Ayunt. Sevilla: Calle Flor de Porcelana (Wenea),ESTE-ALCOSA-TORREBLANCA,37.39444261092092,-5.916710498672273,100.0,Valido
Ayunt. Sevilla: Calle Flora Tristán (Eranovum),ESTE-ALCOSA-TORREBLANCA,37.38985895610185,-5.922874428268301,22.0,Valido
Ayunt. Sevilla: Calle Gema ,ESTE-ALCOSA-TORREBLANCA,37.400335380082026,-5.92792838258174,100.0,Valido
Ayunt. Sevilla: Calle Via Nova (Eranovum),ESTE-ALCOSA-TORREBLANCA,37.38283929097204,-5.918983538292991,22.0,Valido
Ayunt. Sevilla: Calle Vía Traiana (Wenea),ESTE-ALCOSA-TORREBLANCA,37.38268619169229,-5.913312240510237,22.0,Valido
Ayunt. Sevilla: Colegio Público - Hispalis (Wenea),ESTE-ALCOSA-TORREBLANCA,37.40694269160707,-5.942765004476541,22.0,Valido
Carrefour San Pablo,ESTE-ALCOSA-TORREBLANCA,37.40718830971666,-5.939445152381268,7.4,Valido
Carrefour Sevilla,ESTE-ALCOSA-TORREBLANCA,37.409237035506536,-5.940497969476326,50.0,Valido
Centro Comercial Palmetillo,ESTE-ALCOSA-TORREBLANCA,37.375351128419226,-5.914169723453313,100.0,Valido
Cepsa Su Eminencia,ESTE-ALCOSA-TORREBLANCA,37.39457544578775,-5.943501070348361,180.0,Valido
DIA Ciudad de Chiva,ESTE-ALCOSA-TORREBLANCA,37.41047984367556,-5.9250906780733885,120.0,Valido
El Corte Ingles Sevilla Este,ESTE-ALCOSA-TORREBLANCA,37.387608,-5.93937,11.0,Valido
Hotel AC Sevilla Forum,ESTE-ALCOSA-TORREBLANCA,37.40789300317232,-5.9455513625733545,60.0,Valido
Hotel Vértice,ESTE-ALCOSA-TORREBLANCA,37.38830240110923,-5.920736937920822,22.0,Valido
McDonalds Sevilla,ESTE-ALCOSA-TORREBLANCA,37.40567400871977,-5.93365897969332,50.0,Valido
MercaSevilla,ESTE-ALCOSA-TORREBLANCA,37.38816136405478,-5.936303659311193,22.0,Valido
Mercadona Avenida de las Ciencias,ESTE-ALCOSA-TORREBLANCA,37.40025035341455,-5.925168558284099,22.0,Valido
Mercadona Concepcion Estevarena,ESTE-ALCOSA-TORREBLANCA,37.41129908009063,-5.9183889959911085,22.0,Valido
Mercadona Jose Jesus Diaz,ESTE-ALCOSA-TORREBLANCA,37.40899901653667,-5.941434651023883,22.0,Valido
Palacio Exposiciones Y Congresos Sevilla,ESTE-ALCOSA-TORREBLANCA,37.40503690415356,-5.933180849410405,1.0,Valido
Repsol Sevilla,ESTE-ALCOSA-TORREBLANCA,37.38699382861765,-5.9351867288817175,50.0,Valido
 Ayunt. Sevilla. Calle Juan Ramón Jiménez (Wenea),LOS REMEDIOS,37.37428387267978,-5.998853984936204,22.0,Valido
Ayunt. Sevilla. Avda. Maestranza Aérea  (Acciona),LOS REMEDIOS,37.36700824542278,-5.999303633654449,100.0,Valido
Ayunt. Sevilla. C. Hispano Aviación (Endesa),LOS REMEDIOS,37.36757324728002,-6.00030177163535,150.0,Valido
Ayunt. Sevilla. C. Virgen del Águila ,LOS REMEDIOS,37.374018883220955,-6.0016004375527245,50.0,Valido
Ayunt. Sevilla. Calle José Velázquez Sánchez (Eranovum),LOS REMEDIOS,37.37575942235921,-6.002784990910044,22.0,Valido
Ayunt. Sevilla. Calle Padre Damián ,LOS REMEDIOS,37.374278790727146,-5.999988625118704,22.0,Valido
Ayunt. Sevilla. Calle Virgen de la Victoria (Wenea),LOS REMEDIOS,37.37544588221266,-6.0012477056404805,22.0,Valido
Ayunt. Sevilla. Calle Virgen de las Aguas Santas (Wenea),LOS REMEDIOS,37.37532556107203,-6.003989873576643,22.0,Valido
Ayunt. Sevilla:  Calle Virgen de la Victoria ,LOS REMEDIOS,37.37619250128333,-5.999676633729678,22.0,Valido
Ayunt. Sevilla: Avenida Flota de Indias (Acciona),LOS REMEDIOS,37.371875469481935,-6.001483587374196,100.0,Valido
Ayunt. Sevilla: Avenida Maestranza Aérea (Eranovum),LOS REMEDIOS,37.36695844556256,-5.998800729148229,22.0,Valido
Ayunt. Sevilla: C. Virgen Aguas Santas (Acciona),LOS REMEDIOS,37.373811244991,-6.002839571067398,100.0,Valido
Ayunt. Sevilla: Calle Niebla  (Acciona),LOS REMEDIOS,37.3754548360089,-6.004869434617206,50.0,Valido
Ayunt. Sevilla: Calle Virgen de la Antigua ,LOS REMEDIOS,37.373017906631475,-5.99865657922615,22.0,Valido
E.S. Cepsa José Delgado Brackenbury,LOS REMEDIOS,37.36236411359501,-6.001354744420951,150.0,Valido
Edifio Eddea - ,LOS REMEDIOS,37.36201630466617,-6.000393075367441,22.0,Valido
Galia Puerto - ,LOS REMEDIOS,37.361801106951916,-6.001070234621949,22.0,Valido
Parking Buenos Aires - Insur,LOS REMEDIOS,37.37762679261252,-6.001199155908012,22.0,Valido
Parking Colegio San José,LOS REMEDIOS,37.371689498378316,-5.999400343122829,22.0,Valido
Parking Ferias,LOS REMEDIOS,37.37317308827514,-6.008780399320358,22.0,Valido
Parking Parkia Sevilla,LOS REMEDIOS,37.37466714309237,-5.999610428574215,7.4,Valido
Parking Virgen de Luján - Parkia,LOS REMEDIOS,37.37475952996013,-5.997942107592479,22.0,Valido
Ayunt. Sevilla. Avda. Doctor Fedriani ,MACARENA,37.40786420138569,-5.985173130047656,22.0,Valido
Ayunt. Sevilla. Avda. Sánchez Pizjuán ,MACARENA,37.40720166970789,-5.989026479842664,22.0,Valido
Ayunt. Sevilla. Avenida de San Juan de la Salle ,MACARENA,37.40702282991282,-5.972388893338518,100.0,Valido
Ayunt. Sevilla. Calle Escultor Eduardo Chillida (Eranovum),MACARENA,37.40490388259417,-5.97155498762595,22.0,Valido
Ayunt. Sevilla. Carretera de Carmona (Acciona),MACARENA,37.40084852783761,-5.975573258627037,100.0,Valido
Ayunt. Sevilla. Ronda Pio XII (Wenea),MACARENA,37.406318054318945,-5.976649080759131,100.0,Valido
Ayunt. Sevilla: Calle Bermúdez Plata (Wenea),MACARENA,37.41292270381392,-5.981460449063434,22.0,Valido
Ayunt. Sevilla: Calle Don Fadrique (Wenea),MACARENA,37.40344911773197,-5.9892853217455695,100.0,Valido
Ayunt. Sevilla: Calle Florencio Quintero ,MACARENA,37.402067105192415,-5.984904637706222,22.0,Valido
Ayunt. Sevilla: Calle Froilan de la Serna ,MACARENA,37.40362473290426,-5.987196000386916,22.0,Valido
Ayunt. Sevilla: Calle Froilan de la Serna (Wenea),MACARENA,37.4026609075525,-5.985737356176514,22.0,Valido
Ayunt. Sevilla: Calle Maracaibo (Wenea),MACARENA,37.41046792505736,-5.978480290386642,22.0,Valido
Ayunt. Sevilla: Calle Niña de la Alfalfa (Eranovum),MACARENA,37.410510855563345,-5.980912193434506,22.0,Valido
Ayunt. Sevilla: Calle Periodista Juan Carlos Vélez Ruiz (Acciona),MACARENA,37.41301517665363,-5.985486670364139,100.0,Valido
Ayunt. Sevilla: Calle Sánchez Perrier (Eranovum),MACARENA,37.403978475868,-5.985320980376656,22.0,Valido
Ayunt. Sevilla: Calle Victoria Kent (Acciona),MACARENA,37.41477674351819,-5.974497191174777,22.0,Valido
Ayunt. Sevilla: Camino de Cantalobos (Eranovum),MACARENA,37.412587401396834,-5.974461199639563,22.0,Valido
Hotel EXE Macarena,MACARENA,37.40317080222006,-5.987173606996947,7.4,Valido
Lidl carretera de Carmona,MACARENA,37.40320221954026,-5.969465909031442,22.0,Valido
Mercadona Sevilla,MACARENA,37.40649768185726,-5.989588289708763,22.0,Valido
Parking Macarena,MACARENA,37.406643911420005,-5.985436149491534,3.7,Valido
Parking SABA Hospital,MACARENA,37.4070431652289,-5.985876798898062,50.0,Valido
Univ. Sevilla Facultad de Medicina,MACARENA,37.40671740746217,-5.988345115028778,22.0,Valido
Ayunt. Secilla. Parr. del Santísimo Redentor (Wenea),NERVION,37.37941224720498,-5.971519584907867,22.0,Valido
Ayunt. Sevilla Calle Marqués dle Nervión (Eranovum),NERVION,37.381666880930126,-5.968409891877172,22.0,Valido
Ayunt. Sevilla. Alejo Fernandez (Eranovum),NERVION,37.385847388831294,-5.984675241218582,120.0,Valido
Ayunt. Sevilla. Calle Concejal Francisco Ballesteros (Acciona),NERVION,37.388563615770565,-5.976180094135088,100.0,Valido
Ayunt. Sevilla. Calle Mallén ,NERVION,37.387865829800305,-5.974768152289698,100.0,Valido
Ayunt. Sevilla. Calle Manuel Bermuda Barrera,NERVION,37.381977714330134,-5.987493058795508,3.7,Valido
Ayunt. Sevilla. Cárcel de la Ranilla (Wenea),NERVION,37.38666639631306,-5.962190347952173,22.0,Valido
Ayunt. Sevilla. Glorieta Gran Plaza (Wenea),NERVION,37.382159572070805,-5.965592274494867,22.0,Valido
Ayunt. Sevilla: Calle Campamento (Acciona),NERVION,37.38074317672243,-5.981303782731288,22.0,Valido
Ayunt. Sevilla: Calle Fernando Tirado ,NERVION,37.38519794510893,-5.977144740016996,22.0,Valido
Ayunt. Sevilla: Calle Jazmineras (Endesa),NERVION,37.3801086091688,-5.982040803169809,150.0,Valido
Ayunt. Sevilla: Calle Jesús Presentado al Pueblo (Eranovum),NERVION,37.38918507844528,-5.979472399534245,22.0,Valido
Ayunt. Sevilla: Calle Juan Antonio Cavestany (Wenea),NERVION,37.3892101544763,-5.98135091592502,22.0,Valido
Ayunt. Sevilla: Calle Juglar (Endesa),NERVION,37.38693700464253,-5.981821917894166,50.0,Valido
Ayunt. Sevilla: Calle Marqués de Nervion ,NERVION,37.37826175304235,-5.969127683799769,22.0,Valido
Ayunt. Sevilla: Calle Monumental de Sevilla (Sevilla),NERVION,37.38487570430058,-5.978598484120084,100.0,Valido
Ayunt. Sevilla: Calle Penibética (Eranovum),NERVION,37.385200739156375,-5.97611718084994,22.0,Valido
Ayunt. Sevilla: Centro Deportivo Antonio Puerta (Wenea),NERVION,37.37724628928267,-5.9655629626429345,22.0,Valido
Ayunt. Sevilla: Gran Plaza ,NERVION,37.38038127056119,-5.966065884616796,100.0,Valido
Ayunt. Sevilla: Pasaje Agustín Arguelles (Endesa),NERVION,37.37810848939293,-5.967407532190947,60.0,Valido
Ayunt. Sevilla: Plaza Carmen Benitez (Wenea),NERVION,37.39079444542487,-5.983389108603092,22.0,Valido
Ayunt. Sevilla: Ronda del Tamarguillo (Eranovum),NERVION,37.38056895626717,-5.960394562565824,22.0,Valido
Centro Comercial Nervión Plaza,NERVION,37.38360800669169,-5.972569734857416,150.0,Valido
Edificio Pórtico,NERVION,37.38877919095424,-5.974633811613671,7.0,Valido
El Corte Inglés de Nervion,NERVION,37.3866078947606,-5.971409039446598,11.0,Valido
Hotel Ayre Sevilla,NERVION,37.38930328540428,-5.97485051281501,11.0,Valido
Hotel Barceló Occidental Sevilla,NERVION,37.37846800761551,-5.977877648473168,22.0,Valido
Hotel Giralda Center,NERVION,37.38090082934073,-5.982836954276735,22.0,Valido
Hotel Hesperia Sevilla,NERVION,37.38356941683419,-5.974903351005651,22.0,Valido
Hotel Ibis Styles,NERVION,37.38672051069655,-5.978503383374743,11.0,Valido
Hotel Sevilla Center,NERVION,37.381330508797916,-5.979937391654687,22.0,Valido
Parking EYSA Campamento,NERVION,37.38004993545783,-5.981812807515098,22.0,Valido
Parking San Bernardo,NERVION,37.380227804199095,-5.983648405627264,22.0,Valido
Aldi Sevilla Norte (Atlante),NORTE,37.433060436365366,-5.967434729198516,100.0,Valido
Ayunt. Devilla. Charolistas (Wenea),NORTE,37.42199972802912,-5.961103128217815,100.0,Valido
Ayunt. Sevilla. Calle Agricultores (Eranovum),NORTE,37.42288415693332,-5.966926377338808,22.0,Valido
Ayunt. Sevilla. Calle Aviación (Wenea),NORTE,37.4056442697609,-5.957529734326727,22.0,Valido
Ayunt. Sevilla. Calle Cortijo de la Albarrana (Acciona),NORTE,37.41670916961061,-5.96486792090775,100.0,Valido
Ayunt. Sevilla. Centro Cultural Almena (Wenea),NORTE,37.41466536638805,-5.966523656429217,22.0,Valido
Ayunt. Sevilla. Miraflores (Wenea),NORTE,37.40868853816832,-5.965558940183769,22.0,Valido
Ayunt. Sevilla. Taladro (Wenea),NORTE,37.4075310138266,-5.96150713267059,100.0,Valido
Ayunt. Sevilla: Avenida de Pino Montano (Acciona),NORTE,37.41237538928057,-5.970422232770943,22.0,Valido
Ayunt. Sevilla: Barrio Atlántico (Acciona),NORTE,37.40394951287438,-5.965627607475767,22.0,Valido
Ayunt. Sevilla: Calle Aviación ,NORTE,37.40902237336327,-5.950577939530945,100.0,Valido
Ayunt. Sevilla: Calle Aviación (Endesa),NORTE,37.408075995378184,-5.951219961421202,22.0,Valido
Ayunt. Sevilla: Calle Delineantes ,NORTE,37.42295612733197,-5.964303510324925,22.0,Valido
Ayunt. Sevilla: Calle Estrella Canopus ,NORTE,37.425015738214825,-5.969853410441033,100.0,Valido
Ayunt. Sevilla: Calle Estrella Sadir (Eranovum),NORTE,37.42611914003638,-5.971041398849707,22.0,Valido
Ayunt. Sevilla: Calle Medina Galnares (Wenea),NORTE,37.42807603268153,-5.981398983118424,22.0,Valido
Ayunt. Sevilla: Calle Mejillón (Wenea),NORTE,37.426023401072314,-5.9831437485296135,22.0,Valido
Ayunt. Sevilla: Calle Metalurgia (Eranovum),NORTE,37.41158352522373,-5.955209688728502,22.0,Valido
Ayunt. Sevilla: Calle Parque de Doñana (Acciona),NORTE,37.4173404716887,-5.973521708244334,100.0,Valido
Ayunt. Sevilla: Parque San Jerónimo (Wenea),NORTE,37.42555707122176,-5.987834812648856,22.0,Valido
Ayunt. Sevilla: Plaza de las Palmeras (Endesa),NORTE,37.41603282548881,-5.964590304562535,150.0,Valido
Bluespace Kansas City,NORTE,37.40401343727338,-5.959858635423643,90.0,Valido
Burger King Estrella Castor,NORTE,37.42940181260468,-5.96873721516863,50.0,Valido
Cepsa Gramil,NORTE,37.40430014604307,-5.963420577299644,150.0,Valido
Cepsa Gramil,NORTE,37.40365767666184,-5.962783679521635,150.0,Valido
Costco Sevilla,NORTE,37.43372749139674,-5.971155697170076,180.0,Valido
E.S. Cepsa,NORTE,37.42789772760497,-5.970968477810317,100.0,Valido
E.S. Q8 Sevilla,NORTE,37.429696285179915,-5.9687280046965725,100.0,Valido
E.S. Repsol Valdezorras,NORTE,37.41647097561115,-5.955196269964517,50.0,Valido
FirstStop,NORTE,37.40485118647321,-5.957259322255027,50.0,Valido
Hilton Garden Inn Sevilla,NORTE,37.427430649046684,-5.971762902345972,3.7,Valido
Lidl Kansas City,NORTE,37.405589553437835,-5.956624497609823,11.0,Valido
McDonalds Ciudad de la imagen,NORTE,37.43359895265199,-5.969812235099653,150.0,Valido
Mercadona Calle Aviación,NORTE,37.40447384581881,-5.958060455700206,22.0,Valido
Mercadona Online Sevilla,NORTE,37.4306601499169,-5.970575333834802,22.0,Valido
Mercadona Pino Montano,NORTE,37.426756432940266,-5.976417140603644,22.0,Valido
Mercadona Sevilla Norte,NORTE,37.415136132993126,-5.973398191735214,22.0,Valido
Plenoil Sevilla III,NORTE,37.41251395210912,-5.9511692783987655,60.0,Valido
REPSOL Santa Clara,NORTE,37.40535174327228,-5.956217992032634,50.0,Valido
SYRSA Automoción (Renault),NORTE,37.40363296338174,-5.95876423536572,22.0,Valido
ALDI Avenida Manuel Del Valle,SAN PABLO-SANTA JUSTA,37.39825635682267,-5.968661411709036,7.4,Valido
Audi AVISA,SAN PABLO-SANTA JUSTA,37.38995594943694,-5.9424494899527645,150.0,Valido
Ayunt. Sevilla. Avda. de la Solea (Wenea),SAN PABLO-SANTA JUSTA,37.396044590887485,-5.963191220591398,22.0,Valido
Ayunt. Sevilla. Avda. de la Soleá (Eranovum),SAN PABLO-SANTA JUSTA,37.39215504443801,-5.967217685251086,22.0,Valido
Ayunt. Sevilla. Calle Alvar Núñez de Vaca (Eranovum),SAN PABLO-SANTA JUSTA,37.39533483494793,-5.952971999020406,22.0,Valido
Ayunt. Sevilla. Calle Antioquía (Wenea),SAN PABLO-SANTA JUSTA,37.39822905106949,-5.956209388207924,100.0,Valido
Ayunt. Sevilla. Calle Esperanza de la Trinidad (Acciona),SAN PABLO-SANTA JUSTA,37.39530092868736,-5.975325465881383,100.0,Valido
Ayunt. Sevilla. Calle Fray Francisco de Pareja (Wenea),SAN PABLO-SANTA JUSTA,37.400399869562065,-5.949374625424838,22.0,Valido
Ayunt. Sevilla. Calle Juan Bosco (Endesa),SAN PABLO-SANTA JUSTA,37.39401758045385,-5.976349454427577,150.0,Valido
Ayunt. Sevilla. Calle Macedonia ,SAN PABLO-SANTA JUSTA,37.402412641444684,-5.956829700485059,22.0,Valido
Ayunt. Sevilla. Calle María Moliner ,SAN PABLO-SANTA JUSTA,37.39956345596319,-5.968001602686968,100.0,Valido
Ayunt. Sevilla: Avenida Santa Clara de Cuba (Acciona),SAN PABLO-SANTA JUSTA,37.394823560137084,-5.953811664958039,22.0,Valido
Ayunt. Sevilla: Calle Antonio Filpo Rojas (Acciona),SAN PABLO-SANTA JUSTA,37.397036533952516,-5.975470223806951,100.0,Valido
Ayunt. Sevilla: Calle Arroyo. CEIP Al Andalus ( Wenea),SAN PABLO-SANTA JUSTA,37.39849239169003,-5.973745279621312,22.0,Valido
Ayunt. Sevilla: Calle Baltasar de Alcázar,SAN PABLO-SANTA JUSTA,37.400962602264855,-5.967612166596609,22.0,Valido
Ayunt. Sevilla: Calle Carabela la Niña (Wenea),SAN PABLO-SANTA JUSTA,37.40692558447114,-5.951422067751196,22.0,Valido
Ayunt. Sevilla: Calle Carmen Martínez Sancho ,SAN PABLO-SANTA JUSTA,37.399240385884525,-5.970051900400563,22.0,Valido
Ayunt. Sevilla: Calle Dr. Laffón Soto (Endesa),SAN PABLO-SANTA JUSTA,37.3955241915518,-5.964081240779365,150.0,Valido
Ayunt. Sevilla: Calle San Juan Bosco (Wenea),SAN PABLO-SANTA JUSTA,37.395785231820724,-5.97772194014135,22.0,Valido
Ayunt. Sevilla: Calle San Juan Bosco (Wenea),SAN PABLO-SANTA JUSTA,37.39364422852229,-5.975848211977791,22.0,Valido
Ayunt. Sevilla: Calle Urquiza ,SAN PABLO-SANTA JUSTA,37.39468124802296,-5.98043989487681,22.0,Valido
BMW - San Pablo Motor,SAN PABLO-SANTA JUSTA,37.392904844143914,-5.943812974391335,22.0,Valido
C.C. Los Arcos Sevilla,SAN PABLO-SANTA JUSTA,37.388250178512536,-5.960408363341031,22.0,Valido
Calle Rafael Beca Mateos,SAN PABLO-SANTA JUSTA,37.392192090218856,-5.948530747992095,22.0,Valido
Cepsa Efeso,SAN PABLO-SANTA JUSTA,37.39359337530253,-5.96283528274148,180.0,Valido
Cepsa YATA Sevilla,SAN PABLO-SANTA JUSTA,37.39353834831047,-5.944285359764422,50.0,Valido
E.S. Repsol Montesierra,SAN PABLO-SANTA JUSTA,37.39308579829613,-5.952914934862633,50.0,Valido
E.S. Repsol Santa Clara,SAN PABLO-SANTA JUSTA,37.404714931042065,-5.955717601737717,50.0,Valido
Emasesa,SAN PABLO-SANTA JUSTA,37.393914,-5.948707,3.7,Valido
GoFit Sevilla,SAN PABLO-SANTA JUSTA,37.3923187121126,-5.97876118825215,22.0,Valido
Nissan Divesan (Allego),SAN PABLO-SANTA JUSTA,37.39492212471238,-5.94447727395459,50.0,Valido
Parking AUSSA Jose Laguillo,SAN PABLO-SANTA JUSTA,37.39349475473951,-5.982099824506577,7.4,Valido
Parking Insur Mirador de Santa Justa,SAN PABLO-SANTA JUSTA,37.390211,-5.973704,22.0,Valido
Tysa FORD,SAN PABLO-SANTA JUSTA,37.38707432012707,-5.942749461293033,22.0,Valido
Audi Sevilla,SUR,37.36385652114035,-5.9558684198450464,150.0,Valido
Ayunt- Sevilla. Calle Fernando Villalón ,SUR,37.37703865826259,-5.981833895887576,22.0,Valido
Ayunt. Sevilla.  Avión Cuatro Vientos (Wenea),SUR,37.37484501793499,-5.974179477422126,22.0,Valido
Ayunt. Sevilla.  Juan Pablos (Wenea),SUR,37.37075917438031,-5.982461829125157,22.0,Valido
Ayunt. Sevilla. Avda. Hytasa ,SUR,37.370513524295134,-5.960110214118572,100.0,Valido
Ayunt. Sevilla. Calle Diego de riaño (Endesa),SUR,37.37926448862238,-5.984968262941834,22.0,Valido
Ayunt. Sevilla. Genaro Parladé (Wenea),SUR,37.367273918078865,-5.979317192593612,22.0,Valido
Ayunt. Sevilla: Calle Antonio Maura Montaner  (Acciona),SUR,37.365780775658706,-5.9819989170578936,50.0,Valido
Ayunt. Sevilla: Calle Bogotá ,SUR,37.371524887456474,-5.981668333957032,22.0,Valido
Ayunt. Sevilla: Calle Cardenal Bueno Monreal ,SUR,37.3701805171096,-5.97769601610014,100.0,Valido
Ayunt. Sevilla: Calle Claudio Guerin ,SUR,37.37391398901934,-5.970375636271001,22.0,Valido
Ayunt. Sevilla: Calle Luis Rosales (Eranovum),SUR,37.36871205470581,-5.978100591508451,22.0,Valido
Ayunt. Sevilla: Calle Pedro Salinas ,SUR,37.37075336862259,-5.97958750537714,22.0,Valido
Ayunt. Sevilla: Calle Presidente Cárdenas ,SUR,37.37393789662815,-5.97755798751075,22.0,Valido
Ayunt. Sevilla: Calle Presidente Cárdenas (Eranovum),SUR,37.37549141309698,-5.978068681883883,22.0,Valido
Ayunt. Sevilla: Calle Águila Perdicera ,SUR,37.367146806474835,-5.953622281628412,50.0,Valido
Ayunt. Sevilla: Ronda del Tamarguillo (Eranovum),SUR,37.37248199156312,-5.965760093406857,22.0,Valido
BMW San Pablo Motor,SUR,37.36297583400034,-5.958146243717465,22.0,Valido
C.C. Viapol Center,SUR,37.37643252196989,-5.976483068199286,50.0,Valido
Cocheras Metro Sevilla,SUR,37.36570992346783,-5.948634488279822,22.0,Valido
E.S. Alcampo,SUR,37.37049783380266,-5.965374198530753,100.0,Valido
Estación Tren Sevilla Virgen Del Rocio,SUR,37.36319585832214,-5.975554772834727,22.0,Valido
Hotel AC Ciudad de Sevilla,SUR,37.36413771930563,-5.9830663292812005,60.0,Valido
Hotel Sevilla Palmera,SUR,37.36491323113995,-5.97856314088142,22.0,Valido
McDonalds Sevilla,SUR,37.36439575367275,-5.956601856776956,50.0,Valido
Mercadona Carretera Su Eminencia,SUR,37.36229884895759,-5.957119899192321,22.0,Valido
Nissan Vanauto,SUR,37.363206950552126,-5.959239080937217,50.0,Valido
Parking AUSSA Rafael Salgado,SUR,37.36005199807596,-5.977588810062116,7.4,Valido
Parking Insur,SUR,37.374403399159704,-5.9764496154145945,22.0,Valido
Parking Rosa Amarilla (TheFCharging),SUR,37.36492334288117,-5.978010740374657,60.0,Valido
Parking Virgen del Rocio,SUR,37.360901525658704,-5.981029598086138,22.0,Valido
Plenoil Sevilla IV,SUR,37.364721894148815,-5.956845863433017,60.0,Valido
Supermercado Díaz Cadenas Sevilla,SUR,37.36936944179084,-5.960621532499147,120.0,Valido
Universidad Pablo de Olavide. P14,SUR,37.35697378327218,-5.9420230555192575,22.0,Valido
VW Sevilla,SUR,37.362970006946185,-5.9573221525913596,7.4,Valido
Acua,TRIANA,37.403052571101114,-6.007108069173455,22.0,Valido
Aldi Ronda de Triana,TRIANA,37.381484664661514,-6.010050881852521,3.7,Valido
Ayunt. Sevilla. Avda. Ing. Luis Salvador (Wenea),TRIANA,37.418024257886074,-6.00169357653067,22.0,Valido
Ayunt. Sevilla. Calle Antonio García Corona ,TRIANA,37.38349601889644,-6.006393596318276,22.0,Valido
Ayunt. Sevilla. Calle Castilla (Wenea),TRIANA,37.38799387316877,-6.006605196137798,22.0,Valido
Ayunt. Sevilla. Calle Esperanza De Triana,TRIANA,37.381398676759204,-6.00668198395951,22.0,Valido
Ayunt. Sevilla. Calle Génova (Endesa),TRIANA,37.3804487279952,-5.999187338370007,22.0,Valido
Ayunt. Sevilla. Calle Leonardo da Vinci (Wenea),TRIANA,37.40159168482212,-6.008301565897,22.0,Valido
Ayunt. Sevilla. Calle Manuel Arellano  (Wenea),TRIANA,37.38633623380393,-6.00968686002841,22.0,Valido
Ayunt. Sevilla. Calle Niculoso Pisano (Eranovum),TRIANA,37.3874271461934,-6.012267083056258,22.0,Valido
Ayunt. Sevilla. Facultad Comunicacion (Wenea),TRIANA,37.41036356970284,-6.006747442364485,22.0,Valido
Ayunt. Sevilla. Gregor Mendel (Eranovum),TRIANA,37.40311566571914,-6.007576767322661,120.0,Valido
Ayunt. Sevilla. La Cartuja (Endesa),TRIANA,37.41216400645082,-6.004927524493041,60.0,Valido
Ayunt. Sevilla. Leonardo Da Vinci (Eranovum),TRIANA,37.40882760069758,-6.005914074853763,120.0,Valido
Ayunt. Sevilla. Ronda de Triana (Wenea),TRIANA,37.38184362717526,-6.009714697246864,22.0,Valido
Ayunt. Sevilla:  Avda. coria (Acciona),TRIANA,37.380986068890536,-6.0103865652350805,100.0,Valido
Ayunt. Sevilla: Calle Alfarería (Acciona),TRIANA,37.388627014882616,-6.010227460413489,100.0,Valido
Ayunt. Sevilla: Calle Febo (Acciona),TRIANA,37.38092613741473,-6.003848926435808,50.0,Valido
Ayunt. Sevilla: Calle Johannes Kepler (Eranovum),TRIANA,37.409065733851065,-6.003708315061289,22.0,Valido
Ayunt. Sevilla: Calle Leonardo da Vinci (Endesa),TRIANA,37.412235849174664,-6.005107674755521,150.0,Valido
Ayunt. Sevilla: Calle Leonardo da Vinci (Eranovum),TRIANA,37.40465921837652,-6.007024631278682,22.0,Valido
Ayunt. Sevilla: Calle Leonardo da Vinci (Eranovum),TRIANA,37.40661357736373,-6.006525418175073,22.0,Valido
Ayunt. Sevilla: Calle Leonardo da Vinci 17 (Endesa),TRIANA,37.40684435029141,-6.0065097781984775,60.0,Valido
Ayunt. Sevilla: Calle López de Gomara (Acciona),TRIANA,37.379292252391835,-6.008327751902698,100.0,Valido
Ayunt. Sevilla: Calle Max Planck (Endesa),TRIANA,37.40240075015508,-6.005593072181398,60.0,Valido
Ayunt. Sevilla: Calle Max Planck (Eranovum),TRIANA,37.40132436355705,-6.005803113463827,22.0,Valido
Ayunt. Sevilla: Calle Max Planck (Eranovum),TRIANA,37.40290318025805,-6.005360806058775,22.0,Valido
Ayunt. Sevilla: Calle Paraíso ,TRIANA,37.37978306645795,-6.000556142010737,22.0,Valido
Ayunt. Sevilla: Calle Trabajo ,TRIANA,37.37833252323655,-6.00604333710092,22.0,Valido
Ayunt. Sevilla: Calle Uxama (Acciona),TRIANA,37.38717137373379,-6.009650063896743,100.0,Valido
Calle Louis Pasteur (Eranovum),TRIANA,37.40687349458398,-6.004136572116238,22.0,Valido
Cartuja - Facultad de comunicación,TRIANA,37.409365,-6.007439,3.4,Valido
Ceade,TRIANA,37.40248586326477,-6.006802942886338,22.0,Valido
Centro Comercial Torre Sevilla,TRIANA,37.391426,-6.010484,11.0,Valido
Hotel Abba Triana,TRIANA,37.38914220238219,-6.007463570591881,11.0,Valido
Hotel Barceló Renacimiento,TRIANA,37.409823426679935,-5.995242441589625,22.0,Valido
Hotel Barceló Sevilla Renacimiento,TRIANA,37.410084,-5.995848,22.0,Valido
Hotel EXE Cartuja,TRIANA,37.41607163200395,-6.003488657797448,22.0,Valido
La Cartuja. Parking Residencia Universitaria Yugo (Eranovum),TRIANA,37.4106229879266,-5.999595339136931,11.0,Valido
Parking - Maristas Sevilla,TRIANA,37.37942302000177,-6.001170793640881,22.0,Valido
Parking AUSSA Altozano,TRIANA,37.38565827008898,-6.003230481053492,7.4,Valido
Parking INSUR La Cartuja,TRIANA,37.404271170074495,-6.005570450163049,22.0,Valido
Parking Plaza de Cuba,TRIANA,37.380087990388425,-5.998271439552934,7.4,Valido
Parking Torre Sevilla (Endesa),TRIANA,37.39327480993083,-6.01014702877373,150.0,Valido
Residencia Universitaria Yugo la Cartuja (Exterior),TRIANA,37.41046897598517,-5.9997853074273735,120.0,Valido
Sevilla Tesla Supercharger,TRIANA,37.3924359292014,-6.010332201749179,250.0,Valido
Veiasa,TRIANA,37.40309805044606,-6.006532445186963,22.0,Valido
